Town centre,Ward
North Lambeth,Bishop's
North Lambeth,Prince's
North Lambeth,Oval
North Lambeth,Vassall
Clapham & St'well,Stockwell
Clapham & St'well,Larkhall
Clapham & St'well,Clapham Town
Clapham & St'well,Clapham Common
Clapham & St'well,Thornton
Brixton,Herne Hill
Brixton,Coldharbour
Brixton,Ferndale
Brixton,Brixton Hill
Brixton,Tulse Hill
Streatham,Streatham Hill
Streatham,St Leonard's
Streatham,Streatham Wells
Streatham,Streatham South
Norwood,Thurlow Park
Norwood,Knight's Hill
Norwood,Gipsy Hill
